feature_1,feature_2,feature_3,feature_4,label
-1.123494033239598,1.6406145634882874,3.152056734512085,1.362562852712452,319.9446232629066
0.6979032725390276,-0.8610879101735704,1.4033699701251907,0.4097627959594974,199.96431738749357
0.8232799156777053,-0.01109200394860206,-0.8130143722601298,0.32208231076698546,-3.4075371947670234
0.30047435961082836,1.4524675344707454,0.32674476460232005,-0.4532484090230134,23.88201630273572
0.651136241823657,-0.4081008391602206,-0.9958153947902291,-0.8953463223630241,-93.85787729308126
0.048084946661381994,-1.804882100664519,-1.6275424378831627,-0.7632591565425169,-212.09748034114128
-0.7001208149391732,-1.0265152994110602,0.132969674146876,1.073631749859772,4.339775171408002
1.6614701657280182,-1.6431888111541673,-0.17585440443207118,-0.10325476014904739,69.37530465466254
1.472670675750982,0.9553005582377528,0.8760467925297942,-0.8892408282283243,126.84690286946496
-0.8158102849654383,-0.7537361643574896,-0.8895144296255233,-0.2453881160028705,-140.09356176728437
0.6778753195309076,1.0010460925671412,-2.703232292999237,0.1895816165987434,-207.78843772621028
-1.9875689146008928,-0.29900735046586746,0.0917607765355023,0.08704706823817122,-84.53053919764828
0.30179189981946597,0.46877425607502377,-0.9983854391882915,-0.6022120603617805,-101.51205198060272
-0.06418416128881928,-2.6031370878272986,-0.3613105619672905,-0.3021805869826214,-81.42880660894993
0.937915537510655,-1.2549226680022925,0.1847104747810833,1.0074439731951985,96.65332457208936
0.5562300094006599,-0.25083301645504735,1.328194141849058,-0.32267983884213575,142.45264906899956
0.17847666388538974,-0.18150316213566714,-2.1770650464428547,-0.9951484818533795,-246.4098520235355
-1.1430049127304835,1.1870303055603801,0.6387302220291846,1.1055259329579838,58.871868586990175
1.532367724678116,1.5634133588321082,-0.8184286659420014,-0.35141423571373254,-9.667175681883705
-0.0033744574109520514,-0.5511857163285334,-0.8181988834223072,0.7783610761666377,-54.461854930801934
-0.16036008104483077,-0.81240234893742,-0.049029340838036735,0.678946987762233,15.192213120153724
-1.081548003614395,-1.4222537095976742,-0.6465728842425266,-0.7563507452843033,-178.68807453555584
0.32910677871012955,-1.4741321320421057,-0.5859276733177553,1.4288577078135674,14.725225835903046
-0.48423407286625136,1.0324652605511468,-1.5193699659540134,2.1221561970126332,-58.11829130171737
0.6860514599984393,1.3686315575323487,-0.9649234605801045,0.6453759495851475,-3.8461756138268974
-0.09053328230416077,0.8474216771504216,-0.5353281859539227,-2.172669546014036,-152.62261833129583
-0.3670278390833223,0.6931056072631441,0.1764415552772252,0.42881650033057295,29.736590964796857
0.35845361820962024,1.2571492168625729,-0.5353350870162231,-0.4500128579958137,-45.079798312454294
-0.3150867311941086,1.057368305378225,0.8721970000729778,1.218194711754256,138.99639936845648
0.334456789987025,-0.38770155993598415,0.28586539072490497,-0.6127886904843862,-11.827488460182483
-0.5182702182736474,0.3571125715117464,1.477894044741516,-0.21967188783751193,102.48148903583143
-1.44964521969853,-0.6500239344068982,-0.08343796979036086,-1.496529255090079,-144.99225314803084
0.13192796677195706,-1.3367254388759306,-0.4118233689636573,0.17528677893392386,-5.359938804970362
-0.022278979183713316,2.042076040143744,0.2773584619646759,0.10343812930810638,40.99312967048504
0.5156280884439565,-0.5014021468856367,0.9753124584779789,-1.466785190615677,25.628022792248228
-1.6453987469568918,2.2909425725907417,-1.389572466763596,-2.499405714873573,-309.9581763989905
-1.3340254949182044,-0.9683444548636353,0.1053755061459599,0.5500520990245519,-54.104163991107306
-0.4930009346588328,-0.6226995198205938,-0.20812225035727522,0.28099186773503265,-41.09764614992524
1.0470983026121545,-1.4643748802098202,0.22445181855997204,-1.2257656630023412,1.1922260565010347
-1.962625691672579,-0.5388418561927383,-1.008554684076208,0.26044226333355597,-186.91145658975515
1.395683810789956,0.7796605322693398,1.3103087461196083,-0.30803428418574125,204.3885199340734
0.3616610612470166,1.0613709648731335,0.5320061988219431,1.1008213984226052,141.6139415830659
0.6339190223180112,-0.6516003476058171,2.1439440893253257,0.045571839903813784,228.4642960424451
-0.2246331499970246,0.9407711879882159,-0.9824873935383096,-0.9896281365703375,-151.37959665618385
0.7011727423108983,-1.2276078151369925,0.597400069849858,1.1894704889246406,156.7149553876373
-1.4074637743765552,0.2320499373576363,-1.4480843414973241,-0.4710383056183228,-245.57933542772602
1.653617268492285,-0.7284616216803428,0.31952467078295543,-0.37185788227866556,107.76205935780432
0.1846803058649084,0.13653533108273744,-0.3653215513121087,2.013387247526623,70.36875987469917
-1.1952937635992447,0.13106518621584873,-0.07744346072599365,0.4004813865063287,-70.68725053667063
0.6105857452838231,-1.3353443587101013,0.3801978510059632,0.17770100093325383,71.52811839124861
-1.3480471119401671,-0.15936223214590656,-0.37058276240078286,-0.45784838618248924,-119.60863003151964
0.28257995048829965,-0.5830774385689385,-0.1671217137864115,0.8604734883597454,37.90685640779493
0.9553052085705107,-0.4532280493272752,0.6963874474567153,-0.17018462252492844,106.65311083464093
-0.3079615296390403,-0.14451867071551783,-0.7924199209999613,-0.6751782749743815,-129.13477729919933
-0.21492103028873533,-0.4108142879545848,-1.1057046684859357,-1.0909664302151982,-162.2427875967206
0.46248362406685406,-0.33638694541113623,0.9603047962814704,-0.26265952031616774,118.0887402870103
0.7318707042882956,-0.3020454994898642,-0.3294477863470914,0.6791427754381955,44.462054635167924
-1.7607627591558177,2.601683114180395,0.5655096456315442,0.24075317948856828,-1.9955234942470539
1.1267051368275833,-1.6624919880356743,1.0325462043416573,1.3043402428781525,211.0721505597552
-0.14702542343084998,-0.8320613048498566,-0.5501152829365389,1.991553302204734,37.863335187930765
-0.7627247785662142,0.9375701376265584,-1.6075598643689741,0.6592456684324051,-148.95246850810761
-0.13958962815517376,-2.8962553781936893,2.0883747047807275,0.9980101098596522,223.1655817489115
1.6246784584695606,-0.9533286082587124,0.12267031599479553,-0.4827435221820324,73.0024302010122
-0.2440804736742013,0.6124687940136023,-1.0166831285764972,0.756788679986982,-62.6481603269855
-0.6706202090766449,0.9191541736100015,1.0005823180429783,-1.19363683175648,16.69707009119393
-0.8514064342603136,-2.219300372747535,-0.22979963057519381,0.08589300629333041,-72.86075839290791
-0.6929095952606542,0.8496020970210246,0.35701548596504734,-0.5893647569442115,-42.5790223489532
0.21915032766393897,2.16325472330546,-0.30777823495300083,0.6454841811410754,44.759694605747
2.5581992856682523,1.262584103427182,-0.5518581458924467,-1.5256563145700948,-8.079500730181039
0.36414029605466136,-0.8256536828021421,0.1493634822711889,0.44477380783159476,44.15252956545611
-1.4068150094975382,-0.3220281544920584,1.3254321090950785,1.6147787907098514,119.60846375155656
0.6565536086338297,0.4738329209117875,-1.1913034972026486,1.8657745111447566,15.697069778469167
-0.29548031802916036,1.598647170504717,0.5609194479412387,-0.25879606266710237,26.396967917548263
0.4240610444640897,0.2801611588196068,-0.8096035199216461,-0.02640575695892703,-50.51145197415408
-1.4635149481321186,-0.3276621465977682,-0.39210815313215763,-0.7020530938773524,-153.38977822367008
1.3119837385739466,0.9040175547613144,-0.29748220087385013,0.2243396567780826,40.7495396349172
0.14679301198554937,0.8950383140761154,-0.4830610516834395,-1.5811907020321334,-119.9896520255631
0.07814306296964744,-0.5639474880582432,-0.8162172445419648,1.105900424357309,-52.75237661805417
-0.16563141031763223,0.07715649621771674,-0.5938114080687051,0.4283166923752375,-38.03677922506222
-1.1376856704248166,1.2748750412787222,0.6515219913395057,0.8970661968871322,55.66887039900556
1.9389289990582848,-1.3459796802467485,0.12637957954641182,0.8712972974572442,135.04964236056713
-0.29540141013902943,-0.35316629281068834,0.33848384346169114,0.19438430157733602,4.530369644401805
1.2496189052966666,-0.9878733409007492,-0.8468509661253646,0.2837510236615011,-4.730843032038789
1.3845320475939062,1.063940987560856,0.2525688459966235,-1.7760117540484022,14.47020873676982
-0.5768918695231487,-0.38455554422982535,1.0062928092144405,-0.8604133652839524,31.8717098909771
0.8502217421134929,-0.4281151609659125,1.5007597906343109,-1.556581898659751,100.03484994587946
-0.8911922254152874,0.8968393158655319,-0.2685306479058323,1.6122206282554243,0.2453407973392796
1.7945578635177877,-0.7309300399419191,-0.033126972873797095,-1.3793192280145272,16.541068518432215
0.7774073527645112,-1.6304732437151401,1.205994516546816,-0.18689615816198485,139.51733700701809
-0.9039076414647897,-1.4137144969049802,-0.11122606134870032,0.169360824036078,-61.69764568239051
1.4816634024625988,-0.5057467042619367,-1.0589075870566005,1.9541574337502863,53.86729516706043
0.45768658605355206,-2.120700152635066,-0.6068651778571754,-2.238231233324972,-162.78548898104455
1.4484992298929262,0.501782736167545,1.1173988159024608,0.1600182258527877,208.65577845767433
1.9351540400602292,-0.535316712567659,0.5114995753618614,0.4961991873633163,173.80130981177967
-0.08371795984921201,-0.15024298879825998,1.191707497107065,0.0731969910016945,127.96121322454823
-0.6533292325737119,-0.3345012358409484,-0.4749453111609562,-1.2002964070557762,-147.4318129479943
1.775310892609512,0.42719436187168486,-0.646227309843803,0.9694572005267368,88.28942599068387
0.11137260184005242,-0.41521376790527154,0.03402741107223205,-1.3495762115515322,-64.88999126366345
0.5540577711159071,0.13429649724779288,0.07959786237603639,1.1701987091966037,94.2040407064782
1.279464931657751,0.41960997202411815,-0.8638829605897661,-0.09445871444200275,-6.704973118502846
-0.510016398854747,0.3336621052869483,1.0375399442578992,0.47897982574639186,101.41943944388844
0.46217266608194285,0.5885532697707198,-1.5981243518837476,-0.42924442029866183,-138.86960873583843
1.3863493972628433,-2.1056469418403245,1.1535903433169254,0.9778155496862003,215.7681827634034
-0.009118996644203544,-0.8984679817910373,0.028181157369128247,0.5365098435704035,27.430262120614273
0.34758170536167105,-0.18398333635267913,0.01843393306539316,0.17086543812794186,30.1084893574267
0.8219025043752238,1.5646436558140062,-2.6197451040897444,-0.03582603910995154,-219.07821318175363
-0.9263811299815384,-1.1308884353259157,0.47363207681145447,2.0565435648295414,93.39154595074882
-0.9096834169818336,-0.5846177306571996,-0.031058932870901952,-2.0870270186020687,-156.09824071571134
0.22388402427913137,0.725766623898692,0.4810092317367132,0.10939479460489289,63.379558955303104
0.7123221595801621,1.8296202017160872,-0.40968659262949736,0.8929538701087693,55.42001776166372
-1.3204566130842763,0.7818228717773104,-1.236950710878082,0.25988279424842353,-167.36033470547318
-1.167779551267935,-1.5166425494207911,1.4769344261182744,0.29562448874709507,85.33248833048587
-1.2575778589146163,-1.0150941918278686,-0.8108575112103382,1.5805406865683735,-70.16361118914499
0.5225141052657575,-0.8082657216409264,-0.8304444065565653,0.08531814256502405,-38.250048207651815
2.052972024501663,-0.56060763684731,-2.929448690002268,-0.12765468151819012,-189.87402895311877
0.21743287317972287,1.9140313538667861,-0.19068240076334658,-0.6237689606958051,-36.306220657529224
-1.1022697404558555,1.2906444609225471,-0.39719531614598763,2.01527511046064,20.156635115672064
1.00163182520856,-1.9080021371233076,-0.39305275706140097,-0.7999405067019342,-40.27251366740334
1.3462257562027482,1.1013229577357622,0.46654531145012695,0.4441983272906719,137.79455841550083
-1.4485914146335441,-0.2346205699574138,0.03823799496002834,0.8584511166566653,-45.614711169231086
1.0035328978920242,1.356240028570823,-0.07201012158033385,0.812525822394198,117.67237524739927
2.270692857804396,-0.4152879139008013,0.6327818661062848,0.3384964074944141,194.46615404206565
1.32579664754219,-0.4711246518178786,-0.09363618873917084,1.0826910538870733,93.08823137512283
0.3853173797288368,-1.245738778711988,0.173180925851182,0.21409374413020396,41.1486798894139
0.41644603810145264,-1.0147594931858521,-0.36146276669398575,2.0860470495371137,84.81072023555048
0.1480894197982762,1.0581183250871502,0.3676198402097109,0.6386601686431024,74.68925811503087
0.5010941699398452,0.23836898273478513,0.9751976297824297,-0.9273531341905741,64.27949753238983
-0.6777153697521061,-0.7534178703461835,0.4599721429391164,0.032004149065766624,5.216928415233904
-0.3409078773460798,-0.13699548944245826,-0.5193963718261266,0.6789312900592783,-35.65232022698863
-0.39247110606087293,-0.22954865536034708,-1.6394841625254342,-0.6039806259692295,-224.66869725627834
2.720169166589619,1.4535340771573169,-0.2646568332379561,0.01300189187790702,127.17155382380321
-0.5047749212282174,-0.022868062298882122,-0.9993022322949108,1.2969945465611092,-46.91787188148895
0.026091050210833786,-1.2795769667357015,-0.6248185776956788,-1.8408742313316453,-160.25456729685462
-1.6065771007386793,0.8260471714415063,-0.43676423723821745,-0.1314725956716678,-130.14171205882113
-0.8484286341908146,-0.9266983088473107,-0.03143917037477642,-0.41299782214343406,-68.28955110786946
-0.47209057769712737,-0.620847598251116,-0.1681438185847896,-0.7877837519082389,-78.78338731541675
0.8840453963610497,-0.7472116791478234,-2.4242402602729416,-0.021367294348436157,-188.97465933743803
1.7958776730955217,-1.515744114997232,1.5475052013300616,0.2029230208512997,222.37583228670383
-1.889540730945531,-0.6526239793023909,-0.4461834332147797,0.8406435489887241,-84.10844796296873
0.4824724152431853,-0.8571575564162826,-1.0708924980611123,0.6256673477650062,-52.188909305957594
-0.07595102364252276,0.4663583744463345,0.9873345165891019,-0.23401985910698136,83.70782790618253
-0.08087849786546131,-0.218653277435036,-0.09139955750911445,-0.4545477187434442,-23.390432852010736
0.2927154821418534,-1.276304416538336,-1.2883076174635377,0.5737444210044131,-106.69792398753928
2.1422703586118637,-0.573700003938579,-0.02435459226098284,0.5228354880354996,120.18464382636354
-0.14705738150213865,-0.6771617115121117,0.9751197334177512,0.07580455819372633,85.90040943669358
0.8333339117803071,-0.5391227031489786,-0.5482687949250771,-0.6078752606758179,-20.35305240901487
-0.3975577654917214,-1.422974925261673,-0.9701242603796436,1.036087651046256,-78.06870858064272
0.8723153800284503,0.33868731792169,1.0294574815983573,-0.1421465369405461,144.34817284352215
2.0895387216947734,0.15175799224874037,-0.835142901630023,-0.31984752325484395,12.234834765678752
0.5532512199847837,0.8902475008365087,0.17183933979353122,-1.091933900395313,-8.549770641819412
